image,tx_power,idx,y,pred,ok,acc,t_encode,t_decode
0,-80,3,airplane,automobile,0,0.0,0.8662889430124778,0.0005458999949041754
1,-80,10,airplane,horse,0,0.0,0.8926301889878232,0.0004936969926347956
2,-80,21,airplane,horse,0,0.0,0.8589114479982527,0.0004989010049030185
3,-80,27,airplane,frog,0,0.0,0.8725382319971686,0.0006136949959909543
4,-80,44,airplane,frog,0,0.0,0.86239858699264,0.0004955309996148571
5,-80,52,airplane,ship,0,0.0,0.8590078550041653,0.000549586009583436
6,-80,74,airplane,dog,0,0.0,0.8768465269968146,0.0004887899995082989
7,-80,90,airplane,ship,0,0.0,0.8648052780044964,0.000507160002598539
8,-80,97,airplane,frog,0,0.0,0.8776788680115715,0.00045277200115378946
9,-80,98,airplane,dog,0,0.0,0.8604830200056313,0.000471289997221902
10,-80,6,automobile,airplane,0,0.0,0.8835765120020369,0.0004970860027242452
11,-80,9,automobile,automobile,1,0.08333333333333333,0.8795523799926741,0.0004942159866914153
12,-80,37,automobile,deer,0,0.07692307692307693,0.8710447880002903,0.0004934930038871244
13,-80,66,automobile,frog,0,0.07142857142857142,0.8789790169976186,0.0004894750018138438
14,-80,81,automobile,cat,0,0.06666666666666667,0.862888543997542,0.0005008459993405268
15,-80,82,automobile,frog,0,0.0625,0.8740344899997581,0.0004928639973513782
16,-80,104,automobile,deer,0,0.058823529411764705,0.8885230029991362,0.0005806219996884465
17,-80,105,automobile,cat,0,0.05555555555555555,0.8685256000026129,0.0004813270061276853
18,-80,114,automobile,ship,0,0.05263157894736842,0.8852287690097,0.0004928830021526664
19,-80,122,automobile,dog,0,0.05,0.865435121988412,0.00048510500346310437
20,-80,25,bird,bird,1,0.09523809523809523,0.8832963489985559,0.0004951229930156842
21,-80,35,bird,dog,0,0.09090909090909091,0.8833757560059894,0.0004894570010947064
22,-80,65,bird,bird,1,0.13043478260869565,0.86832091701217,0.0004948819987475872
23,-80,67,bird,dog,0,0.125,0.889154069009237,0.0005076600064057857
24,-80,70,bird,deer,0,0.12,0.8612125670042587,0.0004878269974142313
25,-80,75,bird,horse,0,0.11538461538461539,0.8829784280096646,0.0004906230024062097
26,-80,84,bird,cat,0,0.1111111111111111,0.884394260996487,0.00047949400322977453
27,-80,86,bird,automobile,0,0.10714285714285714,0.8585258980019717,0.0004981050005881116
28,-80,113,bird,bird,1,0.13793103448275862,0.8790894050034694,0.000488456993480213
29,-80,118,bird,automobile,0,0.13333333333333333,0.8671427849913016,0.0004967889981344342
30,-80,0,cat,bird,0,0.12903225806451613,0.8831099259987241,0.0004907350084977224
31,-80,8,cat,dog,0,0.125,0.8792904769943561,0.0004902520013274625
32,-80,46,cat,cat,1,0.15151515151515152,0.8614496009977302,0.0005501600098796189
33,-80,53,cat,truck,0,0.14705882352941177,0.8826512660016306,0.0004928639973513782
34,-80,61,cat,dog,0,0.14285714285714285,0.8650097019999521,0.0005927509919274598
35,-80,63,cat,frog,0,0.1388888888888889,0.8784525809896877,0.0005478819948621094
36,-80,68,cat,truck,0,0.13513513513513514,0.8790734979993431,0.0004946229892084375
37,-80,77,cat,horse,0,0.13157894736842105,0.8663517950044479,0.0005056039954070002
38,-80,78,cat,frog,0,0.1282051282051282,0.8740019910037518,0.0005825480038765818
39,-80,91,cat,deer,0,0.125,0.8623956439987523,0.000485938013298437
40,-80,22,deer,airplane,0,0.12195121951219512,0.8743865419965005,0.0004917159967590123
41,-80,26,deer,ship,0,0.11904761904761904,1.0320718729926739,0.0004963259998476133
42,-80,32,deer,automobile,0,0.11627906976744186,0.856468647994916,0.0005442520050564781
43,-80,36,deer,frog,0,0.11363636363636363,0.8840708589996211,0.0004786969948327169
44,-80,40,deer,truck,0,0.1111111111111111,0.8590559279982699,0.0004971240123268217
45,-80,58,deer,bird,0,0.10869565217391304,0.8961860140116187,0.0004894010053249076
46,-80,94,deer,automobile,0,0.10638297872340426,0.8874094069906278,0.0004809379897778854
47,-80,100,deer,dog,0,0.10416666666666667,0.8642227870004717,0.00048280900227837265
48,-80,110,deer,truck,0,0.10204081632653061,0.887750772992149,0.0004666599998017773
49,-80,117,deer,ship,0,0.1,0.8680380690057063,0.0004992710018996149
50,-80,12,dog,deer,0,0.09803921568627451,0.8809158259973628,0.0004886419919785112
51,-80,16,dog,dog,1,0.11538461538461539,0.8832603140035644,0.000483864001580514
52,-80,24,dog,cat,0,0.11320754716981132,0.8616418210003758,0.0004909749986836687
53,-80,31,dog,airplane,0,0.1111111111111111,0.8885324860020773,0.0004871420096606016
54,-80,33,dog,deer,0,0.10909090909090909,0.8666704020142788,0.0004863079957431182
55,-80,39,dog,horse,0,0.10714285714285714,0.8813479880045634,0.00045067899918649346
56,-80,42,dog,ship,0,0.10526315789473684,0.8890036279917695,0.0005373640015022829
57,-80,85,dog,horse,0,0.10344827586206896,0.8600067489896901,0.00048204899940174073
58,-80,101,dog,frog,0,0.1016949152542373,0.8922164370014798,0.0004981780075468123
59,-80,128,dog,frog,0,0.1,0.8658203030063305,0.00048538298869971186
60,-80,4,frog,dog,0,0.09836065573770492,0.8902277779998258,0.0004849379911320284
61,-80,5,frog,bird,0,0.0967741935483871,0.890429941995535,0.0004803080082638189
62,-80,7,frog,frog,1,0.1111111111111111,0.8600283050036523,0.000488383011543192
63,-80,19,frog,ship,0,0.109375,0.8809111050068168,0.0004925670073134825
64,-80,29,frog,deer,0,0.1076923076923077,0.8647188550094143,0.000498697001603432
65,-80,30,frog,automobile,0,0.10606060606060606,0.8899321890057763,0.0005012720066588372
66,-80,41,frog,bird,0,0.1044776119402985,0.8872735019976972,0.00048564199823886156
67,-80,43,frog,airplane,0,0.10294117647058823,0.856137838010909,0.0004828079981962219
68,-80,49,frog,frog,1,0.11594202898550725,0.8880213630036451,0.0004921789950458333
69,-80,59,frog,ship,0,0.11428571428571428,0.8675971320044482,0.0004924009990645573
70,-80,13,horse,truck,0,0.11267605633802817,0.8801958730036858,0.0005852510075783357
71,-80,17,horse,dog,0,0.1111111111111111,0.8889621100097429,0.0005484190041897818
72,-80,20,horse,cat,0,0.1095890410958904,0.8600688419974176,0.000488549005240202
73,-80,48,horse,deer,0,0.10810810810810811,0.8815132269955939,0.0005006410065107048
74,-80,56,horse,airplane,0,0.10666666666666667,0.8643156379985157,0.0005421220121206716
75,-80,57,horse,frog,0,0.10526315789473684,0.8844716690073255,0.0005996959953336045
76,-80,60,horse,truck,0,0.1038961038961039,0.8854206559917657,0.0005349929997464642
77,-80,69,horse,frog,0,0.10256410256410256,0.8654849190061213,0.0005783070082543418
78,-80,83,horse,horse,1,0.11392405063291139,0.8914138000109233,0.00048153099487535655
79,-80,87,horse,deer,0,0.1125,0.8699872680008411,0.0004852900019614026
80,-80,1,ship,bird,0,0.1111111111111111,0.882261420993018,0.0005343079974409193
81,-80,2,ship,airplane,0,0.10975609756097561,0.8910665639996296,0.0004873269936069846
82,-80,15,ship,bird,0,0.10843373493975904,0.856674534996273,0.0004870120028499514
83,-80,18,ship,bird,0,0.10714285714285714,0.8861358139984077,0.00048699299804866314
84,-80,51,ship,truck,0,0.10588235294117647,0.8617724870127859,0.0004859189939452335
85,-80,54,ship,automobile,0,0.10465116279069768,0.8750792739883764,0.0004944190004607663
86,-80,55,ship,airplane,0,0.10344827586206896,0.8731347260036273,0.0004965870029991493
87,-80,72,ship,automobile,0,0.10227272727272728,0.8616302849986823,0.00048771499132271856
88,-80,73,ship,ship,1,0.11235955056179775,0.8806948120036395,0.00048616000276524574
89,-80,79,ship,truck,0,0.1111111111111111,0.863391410006443,0.00048247500672005117
90,-80,11,truck,cat,0,0.10989010989010989,0.8766979569918476,0.00048162399616558105
91,-80,14,truck,dog,0,0.10869565217391304,0.8693942940008128,0.0004850489931413904
92,-80,23,truck,airplane,0,0.10752688172043011,0.8579451109981164,0.00048667899682186544
93,-80,28,truck,ship,0,0.10638297872340426,0.888398357987171,0.0004904009983874857
94,-80,34,truck,cat,0,0.10526315789473684,0.860750445004669,0.00048123499436769634
95,-80,38,truck,deer,0,0.10416666666666667,0.8837377529998776,0.00048765999963507056
96,-80,45,truck,bird,0,0.10309278350515463,0.8594572580041131,0.00048045700532384217
97,-80,47,truck,cat,0,0.10204081632653061,0.8648617239960004,0.00044590099423658103
98,-80,50,truck,deer,0,0.10101010101010101,0.8772524119995069,0.0004928639973513782
99,-80,76,truck,truck,1,0.11,0.8614775839960203,0.0004907709953840822
100,-70,3,airplane,horse,0,0.0,0.8953921740030637,0.0004940490034641698
101,-70,10,airplane,frog,0,0.0,0.8666258489975007,0.0004902530054096133
102,-70,21,airplane,bird,0,0.0,0.8887657059967751,0.0004880680062342435
103,-70,27,airplane,airplane,1,0.25,0.8873314840020612,0.0005315480084391311
104,-70,44,airplane,airplane,1,0.4,0.859438091996708,0.00048669699754100293
105,-70,52,airplane,bird,0,0.3333333333333333,0.8919508120015962,0.00048723400686867535
106,-70,74,airplane,deer,0,0.2857142857142857,0.8643896190042142,0.00048549399070907384
107,-70,90,airplane,automobile,0,0.25,0.8729084329970647,0.000490345002617687
108,-70,97,airplane,ship,0,0.2222222222222222,0.8896470270119607,0.0005440109962364659
109,-70,98,airplane,automobile,0,0.2,0.864567727985559,0.0005279930046526715
110,-70,6,automobile,frog,0,0.18181818181818182,0.8839024179906119,0.00048404900007881224
111,-70,9,automobile,truck,0,0.16666666666666666,0.8665149989974452,0.00048554899694863707
112,-70,37,automobile,automobile,1,0.23076923076923078,0.8838919919944601,0.00048593799874652177
113,-70,66,automobile,automobile,1,0.2857142857142857,0.8842275619972497,0.00045306800166144967
114,-70,81,automobile,dog,0,0.26666666666666666,0.8589465060067596,0.0004842899943469092
115,-70,82,automobile,deer,0,0.25,0.8883855440071784,0.00048590099322609603
116,-70,104,automobile,airplane,0,0.23529411764705882,0.8653582179977093,0.0004825490032089874
117,-70,105,automobile,automobile,1,0.2777777777777778,0.8786194690037519,0.0005331779975676909
118,-70,114,automobile,automobile,1,0.3157894736842105,0.8873307799949544,0.000488215999212116
119,-70,122,automobile,automobile,1,0.35,0.857233343005646,0.0004829009994864464
120,-70,25,bird,bird,1,0.38095238095238093,0.8832981110026594,0.0004801239992957562
121,-70,35,bird,dog,0,0.36363636363636365,0.8642358809884172,0.00047673498920630664
122,-70,65,bird,cat,0,0.34782608695652173,0.8808160149928881,0.0004846599913435057
123,-70,67,bird,bird,1,0.375,0.8871481160022086,0.0005267340020509437
124,-70,70,bird,ship,0,0.36,0.8679970720113488,0.00048393799806945026
125,-70,75,bird,cat,0,0.34615384615384615,0.8873611140006687,0.0004883460060227662
126,-70,84,bird,horse,0,0.3333333333333333,0.8622928140102886,0.0004857150051975623
127,-70,86,bird,frog,0,0.32142857142857145,0.8881506960024126,0.0004938269994454458
128,-70,113,bird,bird,1,0.3448275862068966,0.8795507719914895,0.0005445669958135113
129,-70,118,bird,dog,0,0.3333333333333333,0.8591220959933707,0.0004875489976257086
130,-70,0,cat,automobile,0,0.3225806451612903,0.8933250530099031,0.000486179007566534
131,-70,8,cat,deer,0,0.3125,0.8571635480038822,0.00048260499897878617
132,-70,46,cat,cat,1,0.3333333333333333,0.8806829050008673,0.00048162399616558105
133,-70,53,cat,cat,1,0.35294117647058826,0.889121868996881,0.00048249299288727343
134,-70,61,cat,automobile,0,0.34285714285714286,0.8565728529938497,0.00047793801059015095
135,-70,63,cat,cat,1,0.3611111111111111,0.8804165199981071,0.000488622987177223
136,-70,68,cat,ship,0,0.35135135135135137,0.8593720940116327,0.00047699399874545634
137,-70,77,cat,cat,1,0.3684210526315789,0.8824903810018441,0.0004912160075036809
138,-70,78,cat,horse,0,0.358974358974359,0.878601524993428,0.00048255000729113817
139,-70,91,cat,bird,0,0.35,0.857874872002867,0.000479623005958274
140,-70,22,deer,horse,0,0.34146341463414637,0.8880544200073928,0.000494862993946299
141,-70,26,deer,deer,1,0.35714285714285715,0.8668810309900437,0.0004803640040336177
142,-70,32,deer,ship,0,0.3488372093023256,0.8870584519900149,0.0004779940063599497
143,-70,36,deer,deer,1,0.36363636363636365,0.8903162610076834,0.00048614200204610825
144,-70,40,deer,deer,1,0.37777777777777777,0.8551112790009938,0.00047751299280207604
145,-70,58,deer,deer,1,0.391304347826087,0.890996788002667,0.0005505479930434376
146,-70,94,deer,deer,1,0.40425531914893614,0.8568800339999143,0.00048019700625445694
147,-70,100,deer,airplane,0,0.3958333333333333,0.8782914559997153,0.00047506799455732107
148,-70,110,deer,deer,1,0.40816326530612246,0.8743306559917983,0.0005015120113966987
149,-70,117,deer,frog,0,0.4,0.8616273050138261,0.0006624730012845248
150,-70,12,dog,dog,1,0.4117647058823529,0.8864955140015809,0.000491975006298162
151,-70,16,dog,dog,1,0.4230769230769231,0.8639069969940465,0.00048006800352595747
152,-70,24,dog,dog,1,0.4339622641509434,0.8824659189995145,0.0005487519956659526
153,-70,31,dog,truck,0,0.42592592592592593,0.8585592150047887,0.0005830839945701882
154,-70,33,dog,dog,1,0.43636363636363634,0.8639399969979422,0.0004889010015176609
155,-70,39,dog,airplane,0,0.42857142857142855,0.8876931289996719,0.000496955995913595
156,-70,42,dog,bird,0,0.42105263157894735,0.8666702199989231,0.0004791240062331781
157,-70,85,dog,automobile,0,0.41379310344827586,0.8883643979934277,0.0004876970051554963
158,-70,101,dog,bird,0,0.4067796610169492,0.8658659159991657,0.00048314100422430784
159,-70,128,dog,cat,0,0.4,0.867002938000951,0.0005499190010596067
160,-70,4,frog,frog,1,0.4098360655737705,0.8764141279971227,0.0004938089987263083
161,-70,5,frog,frog,1,0.41935483870967744,0.862776179012144,0.0004933820018777624
162,-70,7,frog,frog,1,0.42857142857142855,0.8825727329967776,0.00047538299986626953
163,-70,19,frog,frog,1,0.4375,0.8586658819986042,0.0004835680010728538
164,-70,29,frog,frog,1,0.4461538461538462,0.8813135280070128,0.0004918269987683743
165,-70,30,frog,horse,0,0.4393939393939394,0.8856090999906883,0.000532492995262146
166,-70,41,frog,frog,1,0.44776119402985076,0.8715921739931218,0.00048471600166521966
167,-70,43,frog,cat,0,0.4411764705882353,0.8885229139996227,0.0004888830007985234
168,-70,49,frog,frog,1,0.4492753623188406,0.8662543000100413,0.0004827719967579469
169,-70,59,frog,dog,0,0.44285714285714284,0.8799499529995956,0.0004494019958656281
170,-70,13,horse,horse,1,0.4507042253521127,0.8930797060020268,0.0004994749906472862
171,-70,17,horse,horse,1,0.4583333333333333,0.8602233980054734,0.0004932159936288372
172,-70,20,horse,deer,0,0.4520547945205479,0.8787461169995368,0.0004825490032089874
173,-70,48,horse,truck,0,0.44594594594594594,0.8588782490114681,0.0004854750004597008
174,-70,56,horse,horse,1,0.4533333333333333,0.8840002340002684,0.0004946050030412152
175,-70,57,horse,bird,0,0.4473684210526316,0.8877483319956809,0.00048677199811208993
176,-70,60,horse,cat,0,0.44155844155844154,0.857272158988053,0.000486011995235458
177,-70,69,horse,horse,1,0.44871794871794873,0.8713622319919523,0.0004883639921899885
178,-70,83,horse,horse,1,0.45569620253164556,0.86164491600357,0.0004815310094272718
179,-70,87,horse,dog,0,0.45,0.8898583600093843,0.0004542350070551038
180,-70,1,ship,ship,1,0.4567901234567901,0.8844033950008452,0.0004791230021510273
181,-70,2,ship,automobile,0,0.45121951219512196,0.8606775209918851,0.00048640101158525795
182,-70,15,ship,frog,0,0.4457831325301205,0.8873007829970447,0.0005006230057915673
183,-70,18,ship,cat,0,0.44047619047619047,0.8657842319953488,0.0004911230062134564
184,-70,51,ship,truck,0,0.43529411764705883,0.8804875019995961,0.0005301220080582425
185,-70,54,ship,ship,1,0.4418604651162791,0.8860745580022922,0.0004824009956791997
186,-70,55,ship,airplane,0,0.4367816091954023,0.8681702190078795,0.00047980899398680776
187,-70,72,ship,ship,1,0.4431818181818182,0.8839105129882228,0.0004794749984284863
188,-70,73,ship,ship,1,0.449438202247191,0.8562116179964505,0.0004855679871980101
189,-70,79,ship,automobile,0,0.4444444444444444,0.886941194999963,0.0004829009994864464
190,-70,11,truck,truck,1,0.45054945054945056,0.8870124160021078,0.0004834380088141188
191,-70,14,truck,dog,0,0.44565217391304346,0.8660751360002905,0.0004892349970759824
192,-70,23,truck,automobile,0,0.44086021505376344,0.8830227459984599,0.00048767800035420805
193,-70,28,truck,truck,1,0.44680851063829785,0.8659081569931004,0.0004911239957436919
194,-70,34,truck,truck,1,0.45263157894736844,0.8820090929948492,0.00048756699834484607
195,-70,38,truck,bird,0,0.4479166666666667,0.8825353830034146,0.0004875859885942191
196,-70,45,truck,deer,0,0.44329896907216493,0.8604422290081857,0.0004903270018985495
197,-70,47,truck,ship,0,0.4387755102040816,0.8812086409889162,0.0004847899981541559
198,-70,50,truck,truck,1,0.4444444444444444,0.8558057530026417,0.0004812340048374608
199,-70,76,truck,truck,1,0.45,0.875985820995993,0.0004886050010100007
200,-60,3,airplane,automobile,0,0.0,0.8914317659946391,0.0005436040082713589
201,-60,10,airplane,bird,0,0.0,0.863903756995569,0.0004810679965885356
202,-60,21,airplane,airplane,1,0.3333333333333333,0.8935587739979383,0.0004896789905615151
203,-60,27,airplane,airplane,1,0.5,0.8624896649998846,0.0005118630069773644
204,-60,44,airplane,airplane,1,0.6,0.8877823700022418,0.0004815499996766448
205,-60,52,airplane,airplane,1,0.6666666666666666,0.8845876150007825,0.0004864189977524802
206,-60,74,airplane,truck,0,0.5714285714285714,0.8630643430078635,0.0004990860034013167
207,-60,90,airplane,airplane,1,0.625,0.8950221999984933,0.0004835860017919913
208,-60,97,airplane,airplane,1,0.6666666666666666,0.8653118130023358,0.00047847500536590815
209,-60,98,airplane,airplane,1,0.7,0.8928014330012957,0.00047910500143188983
210,-60,6,automobile,automobile,1,0.7272727272727273,0.8920104429998901,0.0004872899880865589
211,-60,9,automobile,automobile,1,0.75,0.8642714019952109,0.0004934569878969342
212,-60,37,automobile,automobile,1,0.7692307692307693,0.8841930089984089,0.0004539200017461553
213,-60,66,automobile,automobile,1,0.7857142857142857,0.8608141879958566,0.0005009009910281748
214,-60,81,automobile,automobile,1,0.8,0.8928749690094264,0.0004886230017291382
215,-60,82,automobile,automobile,1,0.8125,0.8893062010029098,0.0004834749997826293
216,-60,104,automobile,automobile,1,0.8235294117647058,0.8650531309976941,0.000494252992211841
217,-60,105,automobile,automobile,1,0.8333333333333334,0.8842633419990307,0.0005563080048887059
218,-60,114,automobile,automobile,1,0.8421052631578947,0.8656874940061243,0.0004901050124317408
219,-60,122,automobile,automobile,1,0.85,0.8813274919957621,0.0004915119934594259
220,-60,25,bird,dog,0,0.8095238095238095,0.8947171489999164,0.0005385489930631593
221,-60,35,bird,dog,0,0.7727272727272727,0.860209380989545,0.0004834379942622036
222,-60,65,bird,bird,1,0.782608695652174,0.8890702049975516,0.00047758599976077676
223,-60,67,bird,bird,1,0.7916666666666666,0.8560666580015095,0.0004830309917451814
224,-60,70,bird,bird,1,0.8,0.8791611119959271,0.0004999749944545329
225,-60,75,bird,bird,1,0.8076923076923077,0.8828363609936787,0.00048234499990940094
226,-60,84,bird,horse,0,0.7777777777777778,0.8608045949949883,0.00048554899694863707
227,-60,86,bird,frog,0,0.75,0.8914210250077303,0.0005368639976950362
228,-60,113,bird,bird,1,0.7586206896551724,0.8645086019969312,0.00048551199142821133
229,-60,118,bird,frog,0,0.7333333333333333,0.8779924059926998,0.00048742000944912434
230,-60,0,cat,airplane,0,0.7096774193548387,0.8638840920029907,0.0004477720067370683
231,-60,8,cat,cat,1,0.71875,0.8638661480072187,0.0004827899974770844
232,-60,46,cat,cat,1,0.7272727272727273,0.8797821230109548,0.0004940119979437441
233,-60,53,cat,cat,1,0.7352941176470589,0.8578537639987189,0.0004925859975628555
234,-60,61,cat,cat,1,0.7428571428571429,0.8910865299985744,0.00048654900456313044
235,-60,63,cat,cat,1,0.75,0.8571842170058517,0.00047510399599559605
236,-60,68,cat,dog,0,0.7297297297297297,0.8768831989873433,0.0005439559899969026
237,-60,77,cat,cat,1,0.7368421052631579,0.8883201410062611,0.0005002709949621931
238,-60,78,cat,cat,1,0.7435897435897436,0.8565406700072344,0.00047743799223098904
239,-60,91,cat,cat,1,0.75,0.8789300240023294,0.00048695699661038816
240,-60,22,deer,frog,0,0.7317073170731707,0.8724469239969039,0.0004920310020679608
241,-60,26,deer,deer,1,0.7380952380952381,0.8753357929963386,0.0005438820080598816
242,-60,32,deer,deer,1,0.7441860465116279,0.8935865159874083,0.0005407520075095817
243,-60,36,deer,deer,1,0.75,0.8629185859899735,0.00048564199823886156
244,-60,40,deer,deer,1,0.7555555555555555,0.8819766130036442,0.0004836049920413643
245,-60,58,deer,dog,0,0.7391304347826086,0.8554582030046731,0.0004990860034013167
246,-60,94,deer,deer,1,0.7446808510638298,0.8756128079985501,0.0004853080026805401
247,-60,100,deer,deer,1,0.75,0.881339362997096,0.0004764930054079741
248,-60,110,deer,deer,1,0.7551020408163265,0.8671564560063416,0.0004848829994443804
249,-60,117,deer,ship,0,0.74,0.8840357900044182,0.0005385849945014343
250,-60,12,dog,dog,1,0.7450980392156863,0.8567876309971325,0.0005485479923663661
251,-60,16,dog,dog,1,0.75,0.8872716740006581,0.00047967898717615753
252,-60,24,dog,dog,1,0.7547169811320755,0.8993208480096655,0.0004920680075883865
253,-60,31,dog,dog,1,0.7592592592592593,0.8807527409953764,0.0004750489897560328
254,-60,33,dog,dog,1,0.7636363636363637,0.8810089789913036,0.0004930120048811659
255,-60,39,dog,dog,1,0.7678571428571429,0.8587660490011331,0.00047953100875020027
256,-60,42,dog,cat,0,0.7543859649122807,0.8756486039928859,0.0004885669914074242
257,-60,85,dog,dog,1,0.7586206896551724,0.8969332130072871,0.00048315999447368085
258,-60,101,dog,dog,1,0.7627118644067796,0.8571593109954847,0.0004914189921692014
259,-60,128,dog,cat,0,0.75,0.8906914249964757,0.0006015659892000258
260,-60,4,frog,frog,1,0.7540983606557377,0.8685819379898021,0.00048303000221494585
261,-60,5,frog,frog,1,0.7580645161290323,0.8884363620018121,0.00048667899682186544
262,-60,7,frog,frog,1,0.7619047619047619,0.8873363390011946,0.00048675200378056616
263,-60,19,frog,frog,1,0.765625,0.8648817270004656,0.0004943819949403405
264,-60,29,frog,frog,1,0.7692307692307693,0.8807462039985694,0.0004909010021947324
265,-60,30,frog,frog,1,0.7727272727272727,0.8590513410017593,0.00045140201109461486
266,-60,41,frog,frog,1,0.7761194029850746,0.8794703140010824,0.0004832159902434796
267,-60,43,frog,frog,1,0.7794117647058824,0.8808287959982408,0.00048025298747234046
268,-60,49,frog,frog,1,0.782608695652174,0.8681162970024161,0.0004891229909844697
269,-60,59,frog,dog,0,0.7714285714285715,0.8866744219994871,0.0004924749955534935
270,-60,13,horse,horse,1,0.7746478873239436,0.864972449009656,0.00048493800568394363
271,-60,17,horse,horse,1,0.7777777777777778,0.8893512020003982,0.0004996409988962114
272,-60,20,horse,horse,1,0.7808219178082192,0.8796611260040663,0.0005389559955801815
273,-60,48,horse,horse,1,0.7837837837837838,0.8595415020099608,0.00048688199603930116
274,-60,56,horse,horse,1,0.7866666666666666,0.8790298940002685,0.00048654900456313044
275,-60,57,horse,horse,1,0.7894736842105263,0.8762533380067907,0.0005317159957485273
276,-60,60,horse,horse,1,0.7922077922077922,0.878475511999568,0.0004898640036117285
277,-60,69,horse,horse,1,0.7948717948717948,0.8792736309987959,0.00048060400877147913
278,-60,83,horse,horse,1,0.7974683544303798,0.8621811519988114,0.0005098270048620179
279,-60,87,horse,horse,1,0.8,0.8877258340071421,0.0004846969968639314
280,-60,1,ship,ship,1,0.8024691358024691,0.8678816150058992,0.0004810679965885356
281,-60,2,ship,airplane,0,0.7926829268292683,0.8822136290109484,0.00047862299834378064
282,-60,15,ship,ship,1,0.7951807228915663,0.8799250299925916,0.00048315999447368085
283,-60,18,ship,ship,1,0.7976190476190477,0.8643640680093085,0.0004951419978169724
284,-60,51,ship,ship,1,0.8,0.8816498960077297,0.000481846000184305
285,-60,54,ship,ship,1,0.8023255813953488,0.8644254190003267,0.0004894199955742806
286,-60,55,ship,ship,1,0.8045977011494253,0.8848239840008318,0.0004839009925490245
287,-60,72,ship,ship,1,0.8068181818181818,0.8864789809886133,0.000475623004604131
288,-60,73,ship,ship,1,0.8089887640449438,0.8668574059993261,0.0004901039937976748
289,-60,79,ship,ship,1,0.8111111111111111,0.8858585999987554,0.00048493899521417916
290,-60,11,truck,truck,1,0.8131868131868132,0.8643629379948834,0.0004794389969902113
291,-60,14,truck,truck,1,0.8152173913043478,0.884800615007407,0.000484161006170325
292,-60,23,truck,truck,1,0.8172043010752689,0.8872193970018998,0.0005161599983694032
293,-60,28,truck,truck,1,0.8191489361702128,0.8671364030014956,0.00047790099051781
294,-60,34,truck,truck,1,0.8210526315789474,0.886898475990165,0.0005417710053734481
295,-60,38,truck,truck,1,0.8229166666666666,0.864655916011543,0.0004794749984284863
296,-60,45,truck,truck,1,0.8247422680412371,0.885858879002626,0.0005008640000596642
297,-60,47,truck,truck,1,0.826530612244898,0.8825856250041397,0.0004811789985978976
298,-60,50,truck,truck,1,0.8282828282828283,0.8595281140005682,0.0005024929996579885
299,-60,76,truck,truck,1,0.83,0.8811983659979887,0.0005103820003569126
300,-50,3,airplane,bird,0,0.0,0.8609680020017549,0.0004921040090266615
301,-50,10,airplane,airplane,1,0.5,0.8732250270113582,0.0004833819984924048
302,-50,21,airplane,airplane,1,0.6666666666666666,0.86100087199884,0.0005008820007788017
303,-50,27,airplane,airplane,1,0.75,0.8674215469945921,0.0005633999971905723
304,-50,44,airplane,airplane,1,0.8,0.89026393200038,0.0004952339950250462
305,-50,52,airplane,airplane,1,0.8333333333333334,0.8597722959966632,0.0005472709890455008
306,-50,74,airplane,truck,0,0.7142857142857143,0.888560862003942,0.0005814739997731522
307,-50,90,airplane,airplane,1,0.75,0.8656412000127602,0.0005455670034280047
308,-50,97,airplane,airplane,1,0.7777777777777778,0.8569222229998559,0.0004879379994235933
309,-50,98,airplane,airplane,1,0.8,0.8866117389989085,0.0004989570006728172
310,-50,6,automobile,automobile,1,0.8181818181818182,0.85747578900191,0.0004989750013919547
311,-50,9,automobile,truck,0,0.75,0.8771503080060938,0.0004899380001006648
312,-50,37,automobile,automobile,1,0.7692307692307693,0.8672033649927471,0.00047899399942252785
313,-50,66,automobile,automobile,1,0.7857142857142857,0.8714610500028357,0.00048160500591620803
314,-50,81,automobile,automobile,1,0.8,0.8811314229969867,0.0004764940094901249
315,-50,82,automobile,automobile,1,0.8125,0.8593114320101449,0.000485827011289075
316,-50,104,automobile,automobile,1,0.8235294117647058,0.8786555109982146,0.0004966409906046465
317,-50,105,automobile,automobile,1,0.8333333333333334,0.8533046399970772,0.0004904009983874857
318,-50,114,automobile,automobile,1,0.8421052631578947,0.8793144090013811,0.000545066999620758
319,-50,122,automobile,automobile,1,0.85,0.8812043469952187,0.0005055119981989264
320,-50,25,bird,bird,1,0.8571428571428571,0.8565673569974024,0.00048242000048048794
321,-50,35,bird,dog,0,0.8181818181818182,0.8835760749934707,0.0004790490056620911
322,-50,65,bird,bird,1,0.8260869565217391,0.860266382995178,0.0004906779940938577
323,-50,67,bird,bird,1,0.8333333333333334,0.8840587549930206,0.0005454930069390684
324,-50,70,bird,bird,1,0.84,0.8795571469963761,0.00047666000318713486
325,-50,75,bird,bird,1,0.8461538461538461,0.8591264709975803,0.000494808002258651
326,-50,84,bird,horse,0,0.8148148148148148,0.8803858580067754,0.0004911230062134564
327,-50,86,bird,dog,0,0.7857142857142857,0.8554981490015052,0.000494474996230565
328,-50,113,bird,bird,1,0.7931034482758621,0.8784186999982921,0.00048786400293465704
329,-50,118,bird,bird,1,0.8,0.8889818199968431,0.0005635669949697331
330,-50,0,cat,cat,1,0.8064516129032258,0.8590016219968675,0.0004958450008416548
331,-50,8,cat,cat,1,0.8125,0.8876960950001376,0.0005391589947976172
332,-50,46,cat,cat,1,0.8181818181818182,0.8542561280046357,0.0004921420040773228
333,-50,53,cat,cat,1,0.8235294117647058,0.8755624219920719,0.0004863820067839697
334,-50,61,cat,cat,1,0.8285714285714286,0.8838844979909481,0.0004874010046478361
335,-50,63,cat,frog,0,0.8055555555555556,0.8605165280023357,0.0004919200000585988
336,-50,68,cat,dog,0,0.7837837837837838,0.8855534200120019,0.0004854010039707646
337,-50,77,cat,cat,1,0.7894736842105263,0.8628730339987669,0.0005479930114233866
338,-50,78,cat,cat,1,0.7948717948717948,0.8839070530084427,0.0004802350013051182
339,-50,91,cat,cat,1,0.8,0.8784329030022491,0.0004910489951726049
340,-50,22,deer,deer,1,0.8048780487804879,0.8675338050088612,0.0004924559907522053
341,-50,26,deer,deer,1,0.8095238095238095,0.8903836529934779,0.0005521780112758279
342,-50,32,deer,deer,1,0.813953488372093,0.8607216360105667,0.000539084998308681
343,-50,36,deer,horse,0,0.7954545454545454,0.8814472340018256,0.0005576969997491688
344,-50,40,deer,deer,1,0.8,0.8848423559975345,0.0004849570104852319
345,-50,58,deer,dog,0,0.782608695652174,0.8609506700013299,0.00048603100003674626
346,-50,94,deer,deer,1,0.7872340425531915,0.8843563989939867,0.0004905669920844957
347,-50,100,deer,deer,1,0.7916666666666666,0.8627524799958337,0.00048473400238435715
348,-50,110,deer,deer,1,0.7959183673469388,0.8845519710012013,0.0004914010060019791
349,-50,117,deer,deer,1,0.8,0.8834190039924579,0.0004884749941993505
350,-50,12,dog,dog,1,0.803921568627451,0.8619374529953348,0.0004811969993170351
351,-50,16,dog,dog,1,0.8076923076923077,0.8867733679944649,0.0005382889939937741
352,-50,24,dog,dog,1,0.8113207547169812,0.8555225750023965,0.000486233999254182
353,-50,31,dog,dog,1,0.8148148148148148,0.8794205199956195,0.0005560659919865429
354,-50,33,dog,dog,1,0.8181818181818182,0.8652157059987076,0.0005172149976715446
355,-50,39,dog,dog,1,0.8214285714285714,0.8616208839957835,0.0004825670039281249
356,-50,42,dog,bird,0,0.8070175438596491,0.8847460789984325,0.0004936240002280101
357,-50,85,dog,dog,1,0.8103448275862069,0.8625643529958325,0.0004954929900122806
358,-50,101,dog,dog,1,0.8135593220338984,0.8891963170026429,0.0009227660048054531
359,-50,128,dog,dog,1,0.8166666666666667,0.8695069660025183,0.0005747149989474565
360,-50,4,frog,frog,1,0.819672131147541,0.8732927859964548,0.0004833819984924048
361,-50,5,frog,frog,1,0.8225806451612904,0.8888671919994522,0.0004847349919145927
362,-50,7,frog,frog,1,0.8253968253968254,0.8664158949977718,0.0005474929930642247
363,-50,19,frog,frog,1,0.828125,0.8754092580056749,0.000486233999254182
364,-50,29,frog,frog,1,0.8307692307692308,0.867992467014119,0.0004948270070599392
365,-50,30,frog,frog,1,0.8333333333333334,0.8743422350089531,0.00045792000310029835
366,-50,41,frog,frog,1,0.835820895522388,0.8862587449984858,0.0004908460105070844
367,-50,43,frog,frog,1,0.8382352941176471,0.8595205970050301,0.00048143799358513206
368,-50,49,frog,frog,1,0.8405797101449275,0.8882311259949347,0.0004863079957431182
369,-50,59,frog,frog,1,0.8428571428571429,0.8594740050029941,0.0004894559970125556
370,-50,13,horse,horse,1,0.8450704225352113,0.8685347380087478,0.0004920119972666726
371,-50,17,horse,horse,1,0.8472222222222222,0.8917070439929375,0.0005016600043745711
372,-50,20,horse,horse,1,0.8493150684931506,0.8609448930073995,0.0005410849989857525
373,-50,48,horse,horse,1,0.8513513513513513,0.8788787130033597,0.000488215999212116
374,-50,56,horse,horse,1,0.8533333333333334,0.8571665539930109,0.0004899380001006648
375,-50,57,horse,horse,1,0.8552631578947368,0.8807753540022532,0.0004816790024051443
376,-50,60,horse,horse,1,0.8571428571428571,0.8878932239895221,0.0005056419904576614
377,-50,69,horse,horse,1,0.8589743589743589,0.867539602011675,0.0004849190008826554
378,-50,83,horse,horse,1,0.8607594936708861,0.8869726249977248,0.00048619700828567147
379,-50,87,horse,horse,1,0.8625,0.8658366809977451,0.0004932709998684004
380,-50,1,ship,ship,1,0.8641975308641975,0.8891083749913378,0.0004826789954677224
381,-50,2,ship,ship,1,0.8658536585365854,0.8855241440032842,0.00048234499990940094
382,-50,15,ship,ship,1,0.8674698795180723,0.8600892560061766,0.00048341900401283056
383,-50,18,ship,ship,1,0.8690476190476191,0.8891235410119407,0.0004847899981541559
384,-50,51,ship,ship,1,0.8705882352941177,0.8676728790014749,0.00048502998834010214
385,-50,54,ship,ship,1,0.872093023255814,0.8767456119967392,0.0004864189977524802
386,-50,55,ship,ship,1,0.8735632183908046,0.8896338679915061,0.0004843460046686232
387,-50,72,ship,ship,1,0.875,0.8556157410057494,0.00048625300405547023
388,-50,73,ship,ship,1,0.8764044943820225,0.8823124640039168,0.0004827710072277114
389,-50,79,ship,ship,1,0.8777777777777778,0.8650023779919138,0.0004855680017499253
390,-50,11,truck,truck,1,0.8791208791208791,0.888186867989134,0.0004528270073933527
391,-50,14,truck,truck,1,0.8804347826086957,0.8894307959999423,0.0004781600000569597
392,-50,23,truck,truck,1,0.8817204301075269,0.8682598899904406,0.0004911980067845434
393,-50,28,truck,truck,1,0.8829787234042553,0.8838594620028744,0.000485993004986085
394,-50,34,truck,truck,1,0.8842105263157894,0.8675668249925366,0.0004833819984924048
395,-50,38,truck,truck,1,0.8854166666666666,0.8843118269869592,0.0004975859919795766
396,-50,45,truck,truck,1,0.8865979381443299,0.8955577349988744,0.00048430899914819747
397,-50,47,truck,ship,0,0.8775510204081632,0.8595731709938264,0.0005633069959003478
398,-50,50,truck,truck,1,0.8787878787878788,0.8889960980013711,0.0005396969936555251
399,-50,76,truck,truck,1,0.88,0.8558200530096656,0.000488029996631667
400,-40,3,airplane,airplane,1,1.0,0.8796036670100875,0.0004907529946649447
401,-40,10,airplane,airplane,1,1.0,0.8772416979918489,0.0004875860031461343
402,-40,21,airplane,airplane,1,1.0,0.8590883810102241,0.00052201199287083
403,-40,27,airplane,airplane,1,1.0,0.8900050299998838,0.00048445699212606996
404,-40,44,airplane,airplane,1,1.0,0.8677779710124014,0.0004987900028936565
405,-40,52,airplane,airplane,1,1.0,0.8830387890047859,0.0004859749897150323
406,-40,74,airplane,truck,0,0.8571428571428571,0.894105216008029,0.0005572150112129748
407,-40,90,airplane,airplane,1,0.875,0.8622008030069992,0.0004974189942004159
408,-40,97,airplane,airplane,1,0.8888888888888888,0.8830569179990562,0.0005069199978606775
409,-40,98,airplane,airplane,1,0.9,0.8567902079958003,0.0005064010038040578
410,-40,6,automobile,automobile,1,0.9090909090909091,0.8875777840003138,0.000484215997857973
411,-40,9,automobile,automobile,1,0.9166666666666666,0.8851947049988667,0.0004891229909844697
412,-40,37,automobile,automobile,1,0.9230769230769231,0.8593836549989646,0.0004918460035696626
413,-40,66,automobile,automobile,1,0.9285714285714286,0.890800464010681,0.0004863640060648322
414,-40,81,automobile,automobile,1,0.9333333333333333,0.8694879669928923,0.0005332150030881166
415,-40,82,automobile,automobile,1,0.9375,0.8940212180023082,0.000488345991470851
416,-40,104,automobile,automobile,1,0.9411764705882353,0.8893632980034454,0.0004860500048380345
417,-40,105,automobile,automobile,1,0.9444444444444444,0.8653791139950044,0.0004894379962934181
418,-40,114,automobile,automobile,1,0.9473684210526315,0.8861057860049186,0.00048578999121673405
419,-40,122,automobile,automobile,1,0.95,0.8611382620001677,0.0004886610113317147
420,-40,25,bird,bird,1,0.9523809523809523,0.886305652995361,0.0005043269920861349
421,-40,35,bird,dog,0,0.9090909090909091,0.8839331659983145,0.0004846599913435057
422,-40,65,bird,bird,1,0.9130434782608695,0.8620672500110231,0.0005541410064324737
423,-40,67,bird,bird,1,0.9166666666666666,0.8919227639999008,0.00048562399751972407
424,-40,70,bird,bird,1,0.92,0.8643779599951813,0.0004950489965267479
425,-40,75,bird,bird,1,0.9230769230769231,0.8875369699962903,0.0004967890126863495
426,-40,84,bird,horse,0,0.8888888888888888,0.884064516008948,0.0005187889910303056
427,-40,86,bird,horse,0,0.8571428571428571,0.8646858259889996,0.0005987890035612509
428,-40,113,bird,bird,1,0.8620689655172413,0.8886866039974848,0.000590973999351263
429,-40,118,bird,bird,1,0.8666666666666667,0.8638408010010608,0.000496438005939126
430,-40,0,cat,cat,1,0.8709677419354839,0.8886458630004199,0.0004959940124535933
431,-40,8,cat,cat,1,0.875,0.8899276240117615,0.0004845119983656332
432,-40,46,cat,cat,1,0.8787878787878788,0.8628957580076531,0.0004999740049242973
433,-40,53,cat,cat,1,0.8823529411764706,0.8857393090002006,0.0004973449977114797
434,-40,61,cat,cat,1,0.8857142857142857,0.867230849005864,0.00048430899914819747
435,-40,63,cat,cat,1,0.8888888888888888,0.8830399739963468,0.0004899940104223788
436,-40,68,cat,dog,0,0.8648648648648649,0.8898264410090633,0.00048593799874652177
437,-40,77,cat,cat,1,0.868421052631579,0.8629588679905282,0.0004908830014755949
438,-40,78,cat,cat,1,0.8717948717948718,0.888270294002723,0.0005578260024776682
439,-40,91,cat,cat,1,0.875,0.8571226300118724,0.0005409189907368273
440,-40,22,deer,deer,1,0.8780487804878049,0.8837015210010577,0.000486252989503555
441,-40,26,deer,deer,1,0.8809523809523809,0.8860051020019455,0.0004945120017509907
442,-40,32,deer,deer,1,0.8837209302325582,0.8590213270072127,0.0005484930006787181
443,-40,36,deer,horse,0,0.8636363636363636,0.8871799389889929,0.0004930119903292507
444,-40,40,deer,deer,1,0.8666666666666667,0.8573691080091521,0.0004919200000585988
445,-40,58,deer,dog,0,0.8478260869565217,0.8869152760016732,0.00048764199891593307
446,-40,94,deer,deer,1,0.851063829787234,0.8922177049971651,0.0004960490041412413
447,-40,100,deer,deer,1,0.8541666666666666,0.8649711379985092,0.00048823500401340425
448,-40,110,deer,deer,1,0.8571428571428571,0.891932265003561,0.0005238269950496033
449,-40,117,deer,deer,1,0.86,0.8637502839992521,0.000494252992211841
450,-40,12,dog,dog,1,0.8627450980392157,0.8901948429993354,0.000500733993249014
451,-40,16,dog,dog,1,0.8653846153846154,0.8949432249937672,0.0004763269971590489
452,-40,24,dog,dog,1,0.8679245283018868,0.8637256549991434,0.00048643800255376846
453,-40,31,dog,dog,1,0.8703703703703703,0.8853564080054639,0.0004889199917670339
454,-40,33,dog,dog,1,0.8727272727272727,0.8634119180060225,0.0005032720073359087
455,-40,39,dog,dog,1,0.875,0.8925404420006089,0.0004995679919375107
456,-40,42,dog,bird,0,0.8596491228070176,0.880664191005053,0.0005023260018788278
457,-40,85,dog,dog,1,0.8620689655172413,0.8626931870094268,0.00048232699919026345
458,-40,101,dog,dog,1,0.864406779661017,0.8847935630037682,0.0004982350073987618
459,-40,128,dog,dog,1,0.8666666666666667,0.8638458200002788,0.0005372159939724952
460,-40,4,frog,frog,1,0.8688524590163934,0.8807381160004297,0.00048521600547246635
461,-40,5,frog,frog,1,0.8709677419354839,0.8863376730005257,0.0005484369903570041
462,-40,7,frog,frog,1,0.873015873015873,0.8566119710012572,0.00048471598711330444
463,-40,19,frog,frog,1,0.875,0.8960004339896841,0.0004891790013061836
464,-40,29,frog,frog,1,0.8769230769230769,0.8641131500044139,0.000539084998308681
465,-40,30,frog,frog,1,0.8787878787878788,0.888025945998379,0.0004855860024690628
466,-40,41,frog,frog,1,0.8805970149253731,0.8803794359992025,0.0004894200101261958
467,-40,43,frog,frog,1,0.8823529411764706,0.8577689189987723,0.00048519799020141363
468,-40,49,frog,frog,1,0.8840579710144928,0.8866450380010065,0.0004903459921479225
469,-40,59,frog,frog,1,0.8857142857142857,0.8617493100027787,0.0004739010037155822
470,-40,13,horse,horse,1,0.8873239436619719,0.8812642389966641,0.0004863460053456947
471,-40,17,horse,horse,1,0.8888888888888888,0.8822676699928707,0.0004909199924441054
472,-40,20,horse,horse,1,0.8904109589041096,0.8618581049959175,0.0004905490059172735
473,-40,48,horse,horse,1,0.8918918918918919,0.8839898890000768,0.0005426779971458018
474,-40,56,horse,horse,1,0.8933333333333333,0.858489742007805,0.00048732700815889984
475,-40,57,horse,horse,1,0.8947368421052632,0.8817042709997622,0.0004899940104223788
476,-40,60,horse,horse,1,0.8961038961038961,0.8612797429959755,0.0004898449988104403
477,-40,69,horse,horse,1,0.8974358974358975,0.8660329580015969,0.00048471600166521966
478,-40,83,horse,horse,1,0.8987341772151899,0.8817159369937144,0.00047975199413485825
479,-40,87,horse,horse,1,0.9,0.8631444960046792,0.00048616000276524574
480,-40,1,ship,ship,1,0.9012345679012346,0.8794547079887707,0.0004803460033144802
481,-40,2,ship,ship,1,0.9024390243902439,0.8639649300021119,0.00048008600424509495
482,-40,15,ship,ship,1,0.9036144578313253,0.8729098500043619,0.0004825489886570722
483,-40,18,ship,ship,1,0.9047619047619048,0.8741127039975254,0.0004911410069325939
484,-40,51,ship,ship,1,0.9058823529411765,0.8639352449972648,0.0004893260047538206
485,-40,54,ship,ship,1,0.9069767441860465,0.8797516670019832,0.0006090839888202026
486,-40,55,ship,ship,1,0.9080459770114943,0.8557561300112866,0.0009062480094144121
487,-40,72,ship,ship,1,0.9090909090909091,0.8863190620031673,0.0004923269880237058
488,-40,73,ship,ship,1,0.9101123595505618,0.8937412980012596,0.00049434500397183
489,-40,79,ship,ship,1,0.9111111111111111,0.8646297179948306,0.0005112520011607558
490,-40,11,truck,truck,1,0.9120879120879121,0.8787220509984763,0.00048223399790003896
491,-40,14,truck,truck,1,0.9130434782608695,0.8707436929980759,0.0004783080075867474
492,-40,23,truck,truck,1,0.9139784946236559,0.8781303370051319,0.0005466409929795191
493,-40,28,truck,truck,1,0.9148936170212766,0.8761215859994991,0.0004873080033576116
494,-40,34,truck,truck,1,0.9157894736842105,0.8630896270042285,0.0004924750101054087
495,-40,38,truck,truck,1,0.9166666666666666,0.8850100420095259,0.000488327001221478
496,-40,45,truck,truck,1,0.9175257731958762,0.8516994249948766,0.0005468260060297325
497,-40,47,truck,truck,1,0.9183673469387755,0.8854772219929146,0.0005076230008853599
498,-40,50,truck,truck,1,0.9191919191919192,0.8885180520010181,0.0005314930021995679
499,-40,76,truck,truck,1,0.92,0.8662263450096361,0.0004916040052194148
500,-30,3,airplane,airplane,1,1.0,0.8889156760124024,0.0004862159985350445
501,-30,10,airplane,airplane,1,1.0,0.860787583005731,0.00048816000344231725
502,-30,21,airplane,airplane,1,1.0,0.8902189739892492,0.0004826789954677224
503,-30,27,airplane,airplane,1,1.0,0.891742713007261,0.0004862710047746077
504,-30,44,airplane,airplane,1,1.0,0.8684036310005467,0.0004903460066998377
505,-30,52,airplane,airplane,1,1.0,0.8916361220035469,0.0005593630048679188
506,-30,74,airplane,truck,0,0.8571428571428571,0.8626625960023375,0.000492492996272631
507,-30,90,airplane,airplane,1,0.875,0.8915667889959877,0.0004901600041193888
508,-30,97,airplane,airplane,1,0.8888888888888888,0.8937063540070085,0.0004919929924653843
509,-30,98,airplane,airplane,1,0.9,0.870971689990256,0.0005601599987130612
510,-30,6,automobile,automobile,1,0.9090909090909091,0.8836227639985736,0.0004871040000580251
511,-30,9,automobile,automobile,1,0.9166666666666666,0.8602025720028905,0.0004874010046478361
512,-30,37,automobile,automobile,1,0.9230769230769231,0.8851173380098771,0.00048180800513364375
513,-30,66,automobile,automobile,1,0.9285714285714286,0.8903945649944944,0.000541066998266615
514,-30,81,automobile,automobile,1,0.9333333333333333,0.8634555489988998,0.00048736399912741035
515,-30,82,automobile,automobile,1,0.9375,0.8833033800037811,0.0004868449905188754
516,-30,104,automobile,automobile,1,0.9411764705882353,0.8678598789992975,0.000496901004225947
517,-30,105,automobile,automobile,1,0.9444444444444444,0.8852696319954703,0.000501030997838825
518,-30,114,automobile,automobile,1,0.9473684210526315,0.8890036380034871,0.0004977530043106526
519,-30,122,automobile,automobile,1,0.95,0.8636718610068783,0.0004772159882122651
520,-30,25,bird,bird,1,0.9523809523809523,0.8802754019998247,0.0004899190098512918
521,-30,35,bird,dog,0,0.9090909090909091,0.8656966120033758,0.0004790310049429536
522,-30,65,bird,bird,1,0.9130434782608695,0.8889123609988019,0.0004933640011586249
523,-30,67,bird,bird,1,0.9166666666666666,0.8842872560053365,0.0004955860058544204
524,-30,70,bird,bird,1,0.92,0.8649717879889067,0.0005424929986475036
525,-30,75,bird,bird,1,0.9230769230769231,0.8812284629966598,0.0005101970018586144
526,-30,84,bird,horse,0,0.8888888888888888,0.8645799420046387,0.0005339189956430346
527,-30,86,bird,horse,0,0.8571428571428571,0.8786659040051745,0.0004832339909626171
528,-30,113,bird,bird,1,0.8620689655172413,0.8902962510037469,0.00047958600043784827
529,-30,118,bird,bird,1,0.8666666666666667,0.858153062989004,0.0004977900098310784
530,-30,0,cat,dog,0,0.8387096774193549,0.87971701999777,0.00048358700587414205
531,-30,8,cat,cat,1,0.84375,0.8577367899997625,0.0004879010084550828
532,-30,46,cat,cat,1,0.8484848484848485,0.8791670089995023,0.0004891610005870461
533,-30,53,cat,cat,1,0.8529411764705882,0.8797977600042941,0.00048114199307747185
534,-30,61,cat,cat,1,0.8571428571428571,0.8620501789991977,0.0004920310020679608
535,-30,63,cat,cat,1,0.8611111111111112,0.883399489990552,0.0004910679999738932
536,-30,68,cat,dog,0,0.8378378378378378,0.8664365650038235,0.0004935299948556349
537,-30,77,cat,cat,1,0.8421052631578947,0.8885070899996208,0.0004816049913642928
538,-30,78,cat,cat,1,0.8461538461538461,0.8675325509975664,0.0004920679930364713
539,-30,91,cat,cat,1,0.85,0.8642450210027164,0.00048266100930050015
540,-30,22,deer,deer,1,0.8536585365853658,0.8778161749942228,0.0004939380014548078
541,-30,26,deer,deer,1,0.8571428571428571,0.8598219109990168,0.0004878820036537945
542,-30,32,deer,deer,1,0.8604651162790697,0.8938559640082531,0.00048480900295544416
543,-30,36,deer,horse,0,0.8409090909090909,0.8537898429931374,0.00048788299318403006
544,-30,40,deer,deer,1,0.8444444444444444,0.8748440660128836,0.0004891790013061836
545,-30,58,deer,dog,0,0.8260869565217391,0.8812138159992173,0.0004903270018985495
546,-30,94,deer,deer,1,0.8297872340425532,0.8597818940033903,0.0005509920010808855
547,-30,100,deer,deer,1,0.8333333333333334,0.8824940579943359,0.0004837160086026415
548,-30,110,deer,deer,1,0.8367346938775511,0.8670889269997133,0.0005488820024766028
549,-30,117,deer,deer,1,0.84,0.8710247459966922,0.0004827719967579469
550,-30,12,dog,dog,1,0.8431372549019608,0.890508601005422,0.0004864189977524802
551,-30,16,dog,dog,1,0.8461538461538461,0.8675156810058979,0.0004944190004607663
552,-30,24,dog,dog,1,0.8490566037735849,0.8824398919969099,0.0004838460008613765
553,-30,31,dog,dog,1,0.8518518518518519,0.8620727160014212,0.00046630899305455387
554,-30,33,dog,dog,1,0.8545454545454545,0.872491040994646,0.0004835680010728538
555,-30,39,dog,dog,1,0.8571428571428571,0.8836030439997558,0.0004531419981503859
556,-30,42,dog,bird,0,0.8421052631578947,0.8616878129978431,0.0004754750116262585
557,-30,85,dog,dog,1,0.8448275862068966,0.8802715499914484,0.00048406799032818526
558,-30,101,dog,dog,1,0.847457627118644,0.8622222690028138,0.0004885859962087125
559,-30,128,dog,dog,1,0.85,0.8843753109977115,0.00048527099716011435
560,-30,4,frog,frog,1,0.8524590163934426,0.8854433520027669,0.0004935309989377856
561,-30,5,frog,frog,1,0.8548387096774194,0.8559408339933725,0.0004915119934594259
562,-30,7,frog,frog,1,0.8571428571428571,0.8882287239975994,0.0004907890106551349
563,-30,19,frog,frog,1,0.859375,0.8683378740097396,0.0005416960048023611
564,-30,29,frog,frog,1,0.8615384615384616,0.8878343579999637,0.00048417900688946247
565,-30,30,frog,frog,1,0.8636363636363636,0.8918369540042477,0.0004928260023007169
566,-30,41,frog,frog,1,0.8656716417910447,0.8676213279977674,0.0004704750026576221
567,-30,43,frog,frog,1,0.8676470588235294,0.879923148007947,0.0005551970098167658
568,-30,49,frog,frog,1,0.8695652173913043,0.8650674910022644,0.0004783449985552579
569,-30,59,frog,frog,1,0.8714285714285714,0.8949625060049584,0.0004989750013919547
570,-30,13,horse,horse,1,0.8732394366197183,0.8903341219993308,0.0005818820063723251
571,-30,17,horse,horse,1,0.875,0.8606683090038132,0.00048682700435165316
572,-30,20,horse,horse,1,0.8767123287671232,0.8844383300020127,0.0004913080047117546
573,-30,48,horse,horse,1,0.8783783783783784,0.8897825549938716,0.0004921229992760345
574,-30,56,horse,horse,1,0.88,1.1373995390022174,0.0007324720063479617
575,-30,57,horse,horse,1,0.881578947368421,0.8958769940072671,0.00048058699758257717
576,-30,60,horse,horse,1,0.8831168831168831,0.8698577249888331,0.0005316229944583029
577,-30,69,horse,horse,1,0.8846153846153846,0.9757911100023193,0.0004955860058544204
578,-30,83,horse,horse,1,0.8860759493670886,0.8898939799983054,0.0004937710036756471
579,-30,87,horse,horse,1,0.8875,0.8945968070038361,0.0005430860037449747
580,-30,1,ship,ship,1,0.8888888888888888,0.8832156419957755,0.0004907530092168599
581,-30,2,ship,ship,1,0.8902439024390244,0.885152245988138,0.0004909380077151582
582,-30,15,ship,ship,1,0.891566265060241,0.8957525879959576,0.0004898640036117285
583,-30,18,ship,ship,1,0.8928571428571429,0.8885949789982988,0.00048784600221551955
584,-30,51,ship,ship,1,0.8941176470588236,0.9032843409950146,0.0004904930101474747
585,-30,54,ship,ship,1,0.8953488372093024,0.8847708250104915,0.0004910860006930307
586,-30,55,ship,ship,1,0.896551724137931,0.8926795180013869,0.0004899560008198023
587,-30,72,ship,ship,1,0.8977272727272727,0.9001963449991308,0.0004931050061713904
588,-30,73,ship,ship,1,0.898876404494382,0.9026706449949415,0.00048630801029503345
589,-30,79,ship,ship,1,0.9,0.8954917579976609,0.00048410400631837547
590,-30,11,truck,truck,1,0.9010989010989011,0.8893089699995471,0.0004991229943698272
591,-30,14,truck,truck,1,0.9021739130434783,0.9107634840038372,0.00049267899885308
592,-30,23,truck,truck,1,0.9032258064516129,0.862821354996413,0.0005507890018634498
593,-30,28,truck,truck,1,0.9042553191489362,0.8997911640035454,0.0004905860114376992
594,-30,34,truck,truck,1,0.9052631578947369,0.8903602710051928,0.000492790000862442
595,-30,38,truck,truck,1,0.90625,0.8872733479947783,0.0005169380019651726
596,-30,45,truck,truck,1,0.9072164948453608,0.9153293309936998,0.0004795679997187108
597,-30,47,truck,truck,1,0.9081632653061225,0.8657147060002899,0.0004952159943059087
598,-30,50,truck,truck,1,0.9090909090909091,0.8889799739990849,0.0005399930087151006
599,-30,76,truck,truck,1,0.91,0.890533083002083,0.0005034939968027174
600,-20,3,airplane,airplane,1,1.0,0.8833069929969497,0.0004571790050249547
601,-20,10,airplane,airplane,1,1.0,0.9184070499904919,0.0005010489985579625
602,-20,21,airplane,airplane,1,1.0,0.8955168329994194,0.0005443999980343506
603,-20,27,airplane,airplane,1,1.0,0.8919501019991003,0.0004886609967797995
604,-20,44,airplane,airplane,1,1.0,0.8883044459944358,0.00048195599811151624
605,-20,52,airplane,airplane,1,1.0,0.8651578249991871,0.0004907160036964342
606,-20,74,airplane,truck,0,0.8571428571428571,0.9069980519998353,0.0005000859964638948
607,-20,90,airplane,airplane,1,0.875,0.8905939340038458,0.000494420004542917
608,-20,97,airplane,airplane,1,0.8888888888888888,0.8922590239963029,0.00051777099724859
609,-20,98,airplane,airplane,1,0.9,0.8908784669911256,0.0005782329972134903
610,-20,6,automobile,automobile,1,0.9090909090909091,0.8727057799987961,0.00048790099390316755
611,-20,9,automobile,automobile,1,0.9166666666666666,0.9122155759978341,0.00048706799861975014
612,-20,37,automobile,automobile,1,0.9230769230769231,0.8755426880088635,0.0004938820056850091
613,-20,66,automobile,automobile,1,0.9285714285714286,0.9176932260015747,0.0004955860058544204
614,-20,81,automobile,automobile,1,0.9333333333333333,0.8898467959952541,0.000488733989186585
615,-20,82,automobile,automobile,1,0.9375,0.8905214359983802,0.0004926980036543682
616,-20,104,automobile,automobile,1,0.9411764705882353,0.9086987519985996,0.0004911969881504774
617,-20,105,automobile,automobile,1,0.9444444444444444,0.8644906300032744,0.00048658599553164095
618,-20,114,automobile,automobile,1,0.9473684210526315,0.9218820039968705,0.0004896409955108538
619,-20,122,automobile,automobile,1,0.95,0.8871313690033276,0.0004960859951097518
620,-20,25,bird,bird,1,0.9523809523809523,0.8823196180019295,0.0004907160036964342
621,-20,35,bird,dog,0,0.9090909090909091,0.9185756410006434,0.0004979380028089508
622,-20,65,bird,bird,1,0.9130434782608695,0.8689355340029579,0.00048565999895799905
623,-20,67,bird,bird,1,0.9166666666666666,0.9023635019984795,0.000501141999848187
624,-20,70,bird,bird,1,0.92,0.886603858001763,0.0004917350015603006
625,-20,75,bird,bird,1,0.9230769230769231,0.8887115149991587,0.00048816000344231725
626,-20,84,bird,horse,0,0.8888888888888888,0.9116585470037535,0.0005606969934888184
627,-20,86,bird,horse,0,0.8571428571428571,0.8686399829894071,0.000530456003616564
628,-20,113,bird,bird,1,0.8620689655172413,0.9087345669977367,0.0005024569982197136
629,-20,118,bird,bird,1,0.8666666666666667,0.8847570120124146,0.0005427710129879415
630,-20,0,cat,dog,0,0.8387096774193549,0.8853143189917319,0.0006517319998238236
631,-20,8,cat,cat,1,0.84375,0.9141440509993117,0.00047995698696468025
632,-20,46,cat,cat,1,0.8484848484848485,0.8745777940057451,0.0004909569979645312
633,-20,53,cat,cat,1,0.8529411764705882,0.8933906579914037,0.00048230800894089043
634,-20,61,cat,cat,1,0.8571428571428571,0.8829880720004439,0.0005005119892302901
635,-20,63,cat,cat,1,0.8611111111111112,0.8858173869957682,0.00048404900007881224
636,-20,68,cat,dog,0,0.8378378378378378,0.9163531329977559,0.0004861780034843832
637,-20,77,cat,cat,1,0.8421052631578947,0.8724698029982392,0.0004908080009045079
638,-20,78,cat,cat,1,0.8461538461538461,0.8905253989942139,0.0005444559938041493
639,-20,91,cat,cat,1,0.85,0.8876054930005921,0.0004932159936288372
640,-20,22,deer,deer,1,0.8536585365853658,0.8791538270015735,0.000496790002216585
641,-20,26,deer,deer,1,0.8571428571428571,0.9083136459958041,0.000483975003589876
642,-20,32,deer,deer,1,0.8604651162790697,0.8780354339978658,0.0005372890009311959
643,-20,36,deer,horse,0,0.8409090909090909,0.8829914980015019,0.0004923450032947585
644,-20,40,deer,deer,1,0.8444444444444444,0.8919491209962871,0.0005513630021596327
645,-20,58,deer,dog,0,0.8260869565217391,0.8814814439974725,0.0005472339980769902
646,-20,94,deer,deer,1,0.8297872340425532,0.9136365019949153,0.0005599930009339005
647,-20,100,deer,deer,1,0.8333333333333334,0.8798604839976178,0.0004914940072922036
648,-20,110,deer,deer,1,0.8367346938775511,0.8959288280020701,0.0005001050012651831
649,-20,117,deer,deer,1,0.84,0.8927439440012677,0.004800456008524634
650,-20,12,dog,dog,1,0.8431372549019608,0.8744896470016101,0.0004954009928042069
651,-20,16,dog,dog,1,0.8461538461538461,0.91132042199024,0.00048343899834435433
652,-20,24,dog,dog,1,0.8490566037735849,0.8906574160064338,0.000496086009661667
653,-20,31,dog,dog,1,0.8518518518518519,0.8861928819969762,0.0004683459992520511
654,-20,33,dog,dog,1,0.8545454545454545,0.9075531569978921,0.00048590099322609603
655,-20,39,dog,dog,1,0.8571428571428571,0.8647479420033051,0.0004958999925293028
656,-20,42,dog,bird,0,0.8421052631578947,0.9053441299911356,0.0005017160001443699
657,-20,85,dog,dog,1,0.8448275862068966,0.8847744749946287,0.0004924379900330678
658,-20,101,dog,dog,1,0.847457627118644,0.8917520120012341,0.0004849190008826554
659,-20,128,dog,dog,1,0.85,0.9024710939993383,0.0005551219946937636
660,-20,4,frog,frog,1,0.8524590163934426,0.8684315419959603,0.00048827199498191476
661,-20,5,frog,frog,1,0.8548387096774194,0.9007443390000844,0.0004891040007350966
662,-20,7,frog,frog,1,0.8571428571428571,0.891138372986461,0.0005414190090959892
663,-20,19,frog,frog,1,0.859375,0.8886527940048836,0.00048699398757889867
664,-20,29,frog,frog,1,0.8615384615384616,0.918319849006366,0.000496955995913595
665,-20,30,frog,frog,1,0.8636363636363636,0.8899031670007389,0.00048827199498191476
666,-20,41,frog,frog,1,0.8656716417910447,0.8992518589948304,0.0004947529960190877
667,-20,43,frog,frog,1,0.8676470588235294,0.8912023160082754,0.0004809380043298006
668,-20,49,frog,frog,1,0.8695652173913043,0.8858717569964938,0.0005446959985420108
669,-20,59,frog,frog,1,0.8714285714285714,0.9118202300014673,0.0004931420116918162
670,-20,13,horse,horse,1,0.8732394366197183,0.8844499799888581,0.00048353000602219254
671,-20,17,horse,horse,1,0.875,0.8863411030033603,0.0004887899995082989
672,-20,20,horse,horse,1,0.8767123287671232,0.8878414909995627,0.0004846969968639314
673,-20,48,horse,horse,1,0.8783783783783784,0.8828293709957507,0.0005545290041482076
674,-20,56,horse,horse,1,0.88,0.9131127510045189,0.0004898269980913028
675,-20,57,horse,horse,1,0.881578947368421,0.8941648519976297,0.0004972899914719164
676,-20,60,horse,horse,1,0.8831168831168831,0.8898857599997427,0.0004933080053888261
677,-20,69,horse,horse,1,0.8846153846153846,0.8828327049996005,0.0004894010053249076
678,-20,83,horse,horse,1,0.8860759493670886,0.8777370680036256,0.0005489749892149121
679,-20,87,horse,horse,1,0.8875,0.9141710519907065,0.000504974988871254
680,-20,1,ship,ship,1,0.8888888888888888,0.8930642560007982,0.0005396960041252896
681,-20,2,ship,ship,1,0.8902439024390244,0.8857110370008741,0.0005032900080550462
682,-20,15,ship,ship,1,0.891566265060241,0.8874121810076758,0.0009037279960466549
683,-20,18,ship,ship,1,0.8928571428571429,0.8762765510036843,0.0004908639966743067
684,-20,51,ship,ship,1,0.8941176470588236,0.8984702400048263,0.0005046410078648478
685,-20,54,ship,ship,1,0.8953488372093024,0.8917882530076895,0.0004887899995082989
686,-20,55,ship,ship,1,0.896551724137931,0.8944977000064682,0.0005539190024137497
687,-20,72,ship,ship,1,0.8977272727272727,0.8878371759928996,0.0005139929999131709
688,-20,73,ship,ship,1,0.898876404494382,0.8629659290018026,0.0006591760029550642
689,-20,79,ship,ship,1,0.9,0.8878331580053782,0.0004910120042040944
690,-20,11,truck,truck,1,0.9010989010989011,0.8876262720004888,0.0004944009997416288
691,-20,14,truck,truck,1,0.9021739130434783,0.8864323430025252,0.0004889200063189492
692,-20,23,truck,truck,1,0.9032258064516129,0.9142190519924043,0.0005027709994465113
693,-20,28,truck,truck,1,0.9042553191489362,0.8894564319925848,0.0004825119976885617
694,-20,34,truck,truck,1,0.9052631578947369,0.891617886009044,0.000490585996885784
695,-20,38,truck,truck,1,0.90625,0.8825338750029914,0.0004888819967163727
696,-20,45,truck,truck,1,0.9072164948453608,0.8907189169985941,0.0004873449943261221
697,-20,47,truck,truck,1,0.9081632653061225,0.9138417420035694,0.0004838819877477363
698,-20,50,truck,truck,1,0.9090909090909091,0.8891347879980458,0.0004847350064665079
699,-20,76,truck,truck,1,0.91,0.8838741540093906,0.00048204899940174073
